precision,recall,f1-score,support,train_time,test_time,total_time,roc_auc
0.8063198798252452,0.8059215927750409,0.8047022450425783,89.0,2463.2559349060057,21.072551321983337,2484.3284862279893,0.9444991350030436
