Iteration,Seed,Model,Phase,Accuracy,Precision,Recall,F1-score,ROC_AUC,TP,TN,FP,FN,Time_sec
Run_1,42,efficientnet_b0,Train,0.9927184466019418,0.992735632183908,0.9926875161875163,0.9927035350776018,0.9997894323870389,409,-3,3,3,93413.29
Run_1,42,efficientnet_b0,Test,0.797752808988764,0.8005324648469809,0.8004926108374385,0.7984126984126984,0.9572005964128335,71,-18,18,18,365.5
