category_id,total_images,reddish_detected,percentage
1,179,100,55.865921787709496
2,203,29,14.285714285714285
3,206,22,10.679611650485436
