Iteration,Seed,Model,Phase,Accuracy,Precision,Recall,F1-score,ROC_AUC,TP,TN,FP,FN,Time_sec
Run_1,42,texture_only,Train,0.8349514563106796,0.8376528442317918,0.8375167055167055,0.836910586475804,0.9527308555248034,344,-68,68,68,43736.32
Run_1,42,texture_only,Test,0.6629213483146067,0.682672064777328,0.6645628078817735,0.6706689536878216,0.8437207702693704,59,-30,30,30,360.44
Run_2,1042,texture_only,Train,0.8470873786407767,0.8473979820454581,0.8502434602434604,0.8481762028451332,0.9579604515593957,349,-63,63,63,44700.52
Run_2,1042,texture_only,Test,0.6741573033707865,0.6802070888092393,0.6792898193760263,0.6793650793650793,0.831260253870969,60,-29,29,29,358.7
