Iteration,Seed,Model,Phase,Accuracy,Precision,Recall,F1-score,ROC_AUC,TP,TN,FP,FN,Time_sec
Run_1,42,efficientnet_b0,Train,0.9927184466019418,0.992735632183908,0.9926875161875163,0.9927035350776018,0.9997894323870389,409,-3,3,3,93529.15
Run_1,42,efficientnet_b0,Test,0.797752808988764,0.8005324648469809,0.8004926108374385,0.7984126984126984,0.9572005964128335,71,-18,18,18,367.76
Run_2,1042,efficientnet_b0,Train,0.9781553398058253,0.9787031654600221,0.9788148148148149,0.978335870116692,0.9998497255632465,403,-9,9,9,109625.98
Run_2,1042,efficientnet_b0,Test,0.8539325842696629,0.8586245597739849,0.8572967980295566,0.8549960967993755,0.9638945353066103,76,-13,13,13,453.0
